{
  "project_info": {
    "project_number": "67303291035",
    "project_id": "cabbooking-fbac0",
    "storage_bucket": "cabbooking-fbac0.appspot.com"
  },
  "client": [
    {
      "client_info": {
        "mobilesdk_app_id": "1:67303291035:android:0a61f8534c62978f29ee3e",
        "android_client_info": {
          "package_name": "com.example.cab"
        }
      },
      "oauth_client": [
        {
          "client_id": "67303291035-mvnhd4sckseg9p29s26dm2vh96m371v6.apps.googleusercontent.com",
          "client_type": 3
        }
      ],
      "api_key": [
        {
          "current_key": "AIzaSyB5KJ9BaOSorOdmp3VQ1uQ3Sudbd0jM94E"
        }
      ],
      "services": {
        "appinvite_service": {
          "other_platform_oauth_client": [
            {
              "client_id": "67303291035-mvnhd4sckseg9p29s26dm2vh96m371v6.apps.googleusercontent.com",
              "client_type": 3
            }
          ]
        }
      }
    }
  ],
  "configuration_version": "1"
}